;;;;;;;;;;;;;;;;;;;;
;;;;;;;;;;;;;;;;;;;;
;;;;;;;;;;;;;;;;;;;;
;;OBJECT NAME;;"Ident
level";parent OBJECT NAME;parent OBJECT FIELD NAME;FIELD NAME;SOURCE;Static ownership / Transaction based ownership ?;Owner;Business rules;"DATA TYPE (O - Object, E - Embedded object, N - Numeric, D -DateTime, T - Text)
";Optional or Mandatory;Cardinality;;Description;C-XML def;C-XML constraints;Comment;
;;PRODUCT;;0;;;PRODUCT;;;;;O;;n;;Product details;;;;
;;PRODUCT;;1;PRODUCT;;Manufacturer;COMPANY;;;;E;;;;Manufacturing company details and contacts;;;;
;;PRODUCT;;1;PRODUCT;;ProductDescription;;;;;T;;;;Product description;;;;
;;PRODUCT;;1;PRODUCT;;ProductIdentifier;;;;;T;;;;Manufacturer's unique product identifier;;;;
;;PRODUCT;;1;PRODUCT;;OtherIdentifier;OTHER_IDENTIFIER;;;;E;;n;;Other product identifier (e.g. Bar code, UPC, EAN, Amazon…);;;;
;;PRODUCT;;1;PRODUCT;;UNNumber;;;;;T;;;;Reference identifying the United Nations Dangerous Goods serial number assigned within the UN to substances and articles contained in a list of the dangerous goods most commonly carried. e.g. 1189 - Ethylene glycol monomethyl ether acetate;;;;
;;PRODUCT;;1;PRODUCT;;CommodityName;;;;;T;;n;;If no Code provided, name of commodity;;;;
;;PRODUCT;;1;PRODUCT;;CommodityCode;;;;;T;M;;;Unique Commodity Code e.g. 391721 - Tubes, Pipes And Hoses, Rigid, Of Polymers Of Ethylene;;;;
;;PRODUCT;;1;PRODUCT;;CommodityType;;;;;T;M;;;Issuer of the Commodity Code - e.g. Brussels Tariff Nomenclature, EU Harmonized System Code, UN Standard International Trade…;;;;
;;PRODUCT;;1;PRODUCT;;CommodityDescription;;;;;T;M;;;Commodity description;;;;
;;;;;;;;;;;;;;;;;;;;
;;CHARACTERISTICS;;0;CHARACTERISTICS;;Characteristic;;;;;O;;n;;Product additional details;;;;
;;CHARACTERISTICS;;1;Characteristic;;Type;;;;;T;;;;Product characteristic code - e.g. CLR - Color;;;;
;;CHARACTERISTICS;;1;Characteristic;;Value;;;;;T;;;;Product characteristic value / attribute - e.g. Blue…;;;;
;;;;;;;;;;;;;;;;;;;;
;;ITEM;;0;;;ITEM;;;;;O;;n;;Item details;;;;
;;ITEM;;1;ITEM;;ItemIdentifier;;;;;T;;;;Item serial number or unique item identifier (in URI);;;;
;;ITEM;;1;ITEM;;OtherIdentifier;OTHER_IDENTIFIER;;;;E;;n;;Other identifier details;;;;
;;ITEM;;1;ITEM;;UnitPrice;VALUE;;;;E;;;;Product price per unit in the base currency;;;;
;;ITEM;;1;ITEM;;QuantityForUnitPrice;;;;;N;;;;Product quantity for unit price - e.g. 12 (eggs for one USD 1);;;;
;;ITEM;;1;ITEM;;Weight;VALUE;;;;E;;;;Weight of the item;;;;
;;ITEM;;1;ITEM;;Dimensions;DIMENSIONS;;;;E;;;;Dimensions of the item;;;;
;;ITEM;;1;ITEM;;BatchNumber;;;;;T;;;;Production batch number / reference;;;;
;;ITEM;;1;ITEM;;LotNumber;;;;;T;;;;Production lot number / reference;;;;
;;ITEM;;1;ITEM;;ProductionDate;;;;;D;;;;Production date;;;;
;;ITEM;;1;ITEM;;ProductExpiryDate;;;;;D;;;;Product expiry date - e.g. for perishables goods or goods with programmed obsolescence;;;;
;;ITEM;;1;ITEM;;ProductionCountry;COUNTRY;;;;E;;;;Production country details;;;;
;;ITEM;;1;ITEM;;TargetCountry;COUNTRY;;;;E;;;;Item target country;;;;
;;ITEM;;1;ITEM;;Product;PRODUCT;;;;E;M;;;URI of the Product ;;;Item is a product. Item is a subclass of Product;
;;ITEM;;1;ITEM;;Event;EVENT;;;;E;;n;;Event details e.g. DEP, ARR, FOH, RCS, security screening, etc;;;;
;;ITEM;;1;ITEM;;IsInPiece;PIECE;;;;E;;;;URI of the PIECE that contains the Item;;;;
;;;;;;;;;;;;;;;;;;;;
;;PIECE;;0;;;PIECE;;;;;O;;n;;Individual piece or virtual grouping of pieces;;;;
;;PIECE;;1;PIECE;;UPID;;;;;T;;;;Unique Piece Identifier (UPID) of the piece (Refer IATA Recommended Practice 1689) or URI if virtual grouping of pieces;;;;
;;PIECE;;1;PIECE;;OtherIdentifier;OTHER_IDENTIFIER;;;;E;;n;;Other piece identification ( e.g. Shipping Marks, Seal);;;;
;;PIECE;;1;PIECE;;GoodsDescription;;;;;T;M;;;General goods description;;;;
;;PIECE;;1;PIECE;;Product;PRODUCT;;;;E;;n;;Product of the piece, mandatory when there are no items;;;;
;;PIECE;;1;PIECE;;ProductionCountry;COUNTRY;;;;E;;n;;Goods production country, mandatory when there are no Items;;;;
;;PIECE;;1;PIECE;;GrossWeight;VALUE;;;;E;M;;;Weight details ;;;;
;;PIECE;;1;PIECE;;VolumetricWeight;VOLUMETRIC_WEIGHT;;;;E;M;;;Volumetric weight details ;;;;
;;PIECE;;1;PIECE;;Dimensions;DIMENSIONS;;;;E;;;;Dimensions details;;;;
;;PIECE;;1;PIECE;;SLAC;;;;;N;;;;Shipper's Load And Count  ( total contained piece count as provided by shipper);;;;
;;PIECE;;1;PIECE;;PackagingType;PACKAGINGTYPE;;;;E;;;;Packaging details ;;;;
;;PIECE;;1;PIECE;;TransportSegment;TRANSPORT_SEGMENT;;;;E;;n;;Transport segments related to the piece(s);;;;
;;PIECE;;1;PIECE;;Event;EVENT;;;;E;;n;;Event details e.g. DEP, ARR, FOH, RCS, security screening, customs status, etc.;;;;
;;PIECE;;1;PIECE;;Shipper;COMPANY;;;;E;;;;Shipper company details - e.g. the party shipping the piece >> should be at Booking level only?;;;;
;;PIECE;;1;PIECE;;Consignee;COMPANY;;;;E;;;;Consignee company details - e.g. the party receiving the piece >> should be at Booking level only?;;;;
;;PIECE;;1;PIECE;;OtherParty;COMPANY;;;;E;;n;;Other party company details - e.g. the party to be notified >> should be at Booking level only?;;;;
;;PIECE;;1;PIECE;;SpecialHandling;SPECIALHANDLING;;;;E;;n;;Special Handling details  ;;;;
;;PIECE;;1;PIECE;;ServiceRequest;SERVICEREQUEST;;;;E;;n;;Service Requests;;;;
;;PIECE;;1;PIECE;;CustomsInfo;CUSTOMS_INFO;;;;E;;;;Customs details  ;;;;
;;PIECE;;1;PIECE;;SecurityStatus;SECURITY_STATUS;;;;E;;;;Security details  ;;;;
;;PIECE;;1;PIECE;;ContainedPiece;PIECE;;;;E;;n;;Details of contained piece(s);;;;
;;PIECE;;1;PIECE;;ULDReference;ULD;;;;E;;;;ULD on which the (virtual) piece has been loaded into - URIs of the ULD;;;;
;;PIECE;;1;PIECE;;ExternalReference;EXTERNAL_REFERENCE;;;;E;;n;;Reference documents details ;;;;
;;PIECE;;1;PIECE;;Coload;;;;;B;;;;Coload indicator for the pieces (boolean);;;;
;;PIECE;;1;PIECE;;AdditionalSecurityInfo;;;;;T;;n;;Ad hoc security statement required by state regulators ;;;;
;;;;;;;;;;;;;;;;;;;;
;;PACKAGINGTYPE;;0;;;PACKAGINGTYPE;;;;;O;;;;Packaging details ;;;;
;;PACKAGINGTYPE;;1;PackagingType;;Code;;;;;T;;;;Packaging type identifier as per UNECE Rec 21 Annex V and VI e.g. 1A - Drum, steel - Packaging material code;;;;
;;PACKAGINGTYPE;;1;PackagingType;;Description;;;;;T;;;;If no Code provided, packaging type description ;;;;
;;;;;;;;;;;;;;;;;;;;
;;ULD;;0;ULD;;ULD;;;;;O;;;;Unit Load Device details;;;;
;;ULD;;1;ULD;;Type;;;;;T;;;;Standard Unit Load Device type code e.g. AKE - Certified Container - Contoured;;;;
;;ULD;;1;ULD;;ATAdesignator;;;;;T;;;;US / ATA Unit Load Device type code e.g. M2;;;;
;;ULD;;1;ULD;;LoadingIndicator;;;;;T;;;;ULD height or loading limitation code. Refer CXML Code List 1.47,  e.g. R - ULD Height above 244 centimetres;;;;
;;ULD;;1;ULD;;SerialNumber;;;;;T;;;;ULD serial number;;;;
;;ULD;;1;ULD;;OwnerCodeIssuer;;;;;T;;;;Issuer of the ULD owner code ;;;;
;;ULD;;1;ULD;;OwnerCode;;;;;T;;;;Owner code of the ULD in aa, an or na format - owner can be an airline or leasing company;;;;
;;ULD;;1;ULD;;OwnerCompany;COMPANY;;;;E;;;;Owner company details and contacts for the ULD;;;;
;;ULD;;1;ULD;;TareWeight;VALUE;;;;E;;;;Tare weight of the empty ULD;;;;
;;ULD;;1;ULD;;SLAC;;;;;N;;;;Shipper's Load And Count  ( total contained piece count as provided by shipper) >> Refer to the Piece ?;;;;
;;ULD;;1;ULD;;DeckPosition;;;;;T;;;;Position of the shipment in the aircraft - e.g. lower or main deck ;;;;
;;ULD;;1;ULD;;UPID;PIECE;;;;E;;n;;Details of contained (virtual) piece(s);;;;
;;ULD;;1;ULD;;Volume;;;;;N;;;;>>  Refer to the volume in the Piece??;;;;
;;ULD;;1;ULD;;Contour;;;;;T;;;;;;;;
;;ULD;;1;ULD;;actWeight;;;;;N;;;;Actual Weight? To be defined;;;;
;;ULD;;1;ULD;;TransportSegment;TRANSPORT_SEGMENT;;;;E;;n;;Segment related to the transport status;;;;
;;ULD;;1;ULD;;Event;EVENT;;;;E;;n;;Event details e.g. DEP, ARR, FOH, RCS, security screening, etc;;;;
;;ULD;;1;ULD;;ExternalReference;EXTERNAL_REFERENCE;;;;E;;n;;Reference documents details ;;;;
;;;;;;;;;;;;;;;;;;;;
;;SHIPMENT;;0;SHIPMENT;;SHIPMENT;;;;;O;;;;;;;;
;;SHIPMENT;;1;SHIPMENT;;WaybillNumber;WAYBILL;;;;E;M;;;Waybill unique identifier (AWB or HWB);;;;
;;SHIPMENT;;1;SHIPMENT;;TotalPieceCount;;;;;N;;;;Total piece count of pieces (at top level) >> should be a calculated value (not necessary);;;;
;;SHIPMENT;;1;SHIPMENT;;TotalSLAC;;;;;N;;;;Total SLAC of all piece groups ;;;;
;;SHIPMENT;;1;SHIPMENT;;ShipmentDetails;PIECE;;;;E;;;;Details of the shipment - URIs of the Pieces;;;;
;;SHIPMENT;;1;SHIPMENT;;TotalGrossWeight;VALUE;;;;E;M;;;Weight details ;;;;
;;SHIPMENT;;1;SHIPMENT;;VolumetricWeight;VOLUMETRIC_WEIGHT;;;;E;M;n;;Volumetric weight details ;;;;
;;SHIPMENT;;1;SHIPMENT;;Dimensions;DIMENSIONS;;;;E;;n;;Dimensions details;;;;
;;SHIPMENT;;1;SHIPMENT;;ExternalReference;EXTERNAL_REFERENCE;;;;E;;n;;Reference documents details;;;;
;;;;;;;;;;;;;;;;;;;;
;;VALUE;;0;;;VALUE;;;;;O;M;;;Unit of measurement details;;;;
;;VALUE;;1;VALUE;;Value;;;;;T;;;;Value;;;;
;;VALUE;;1;VALUE;;Unit;;;;;T;;;;Unit of measurement/ unit of account e.g. CMT - Centimetre,  LTR - Litre (1 DM3), KGM - Kilogram, CHF - Swiss Franc;;;;
;;;;;;;;;;;;;;;;;;;;
;;VOLUMETRIC_WEIGHT;;0;;;VOLUMETRIC_WEIGHT;;;;;E;;;;Volumetric weight details;;;;
;;VOLUMETRIC_WEIGHT;;1;VOLUMETRIC_WEIGHT;;ConversionFactor;VALUE;;;;E;;;;Volume to weight conversion factor;;;;
;;VOLUMETRIC_WEIGHT;;1;VOLUMETRIC_WEIGHT;;ChargeableWeight;VALUE;;;;E;;;;Chargeable weight;;;;
;;;;;;;;;;;;;;;;;;;;
;;DIMENSIONS;;0;;;DIMENSIONS;;;;;O;;;;Dimension details ;;;;
;;DIMENSIONS;;1;DIMENSIONS;;Width;VALUE;;;;E;;;;Width;;;;
;;DIMENSIONS;;1;DIMENSIONS;;Length;VALUE;;;;E;;;;Lenght;;;;
;;DIMENSIONS;;1;DIMENSIONS;;Height;VALUE;;;;E;;;;Height;;;;
;;DIMENSIONS;;1;DIMENSIONS;;Volume;VALUE;;;;E;;;;Volume;;;;
;;;;;;;;;;;;;;;;;;;;
;;GEOLOCATION;;0;;;GEOLOCATION;;;;;O;;;;Geolocation details - e.g. for drones, automated vehicles…;;;;
;;GEOLOCATION;;1;GEOLOCATION;;Latitude;VALUE;;;;E;;;;Location latitude ;;;;
;;GEOLOCATION;;1;GEOLOCATION;;Longitude;VALUE;;;;E;;;;Location longitude ;;;;
;;GEOLOCATION;;1;GEOLOCATION;;Elevation;VALUE;;;;E;;;;Elevation from sea level;;;;
;;;;;;;;;;;;;;;;;;;;
;;ADDRESS;;0;;;ADDRESS;;;;;O;;n;;Address details;;;;
;;ADDRESS;;1;ADDRESS;;Street;;;;;T;;n;;Street address including street name, street number, building number, apartment etc;;AN;;
;;ADDRESS;;1;ADDRESS;;POBox;;;;;T;;;;Post Office box number / code;;AN;;
;;ADDRESS;;1;ADDRESS;;PostalCode;;;;;T;;;;Postal / ZIP code;;AN;;
;;ADDRESS;;1;ADDRESS;;CityCode;;;;;T;;;;UN/LOCODE city code (5 letter) or IATA city code (3 letter);CODEDUNECE Rec.16;AN;;
;;ADDRESS;;1;ADDRESS;;CityName;;;;;T;;;;If no CityCode provided, full name of the city ;;AN;;
;;ADDRESS;;1;ADDRESS;;RegionCode;;;;;T;;;;Region/ State / Department. Refer ISO 3166-2  ;"Contains the code of the region within a country specific to this address. Used to hold the state in US addresses 
CODED UNECE Rec.16";AN;;
;;ADDRESS;;1;ADDRESS;;RegionName;;;;;T;;;;If no StateCode provided, full name of the region / state / province / canton;Contains the name of the region within a country specific to this address. Must be the corresponding name for Region Code.;AN;;
;;ADDRESS;;1;ADDRESS;;Country;COUNTRY;;;;E;;;;Country ISO code. Refer ISO 3166-2;;;;
;;ADDRESS;;1;ADDRESS;;AddressCodeType;;;;;T;;;;Type of address code e.g. US CBP FIRMS;;;;
;;ADDRESS;;1;ADDRESS;;AddressCode;;;;;T;;n;;Address identifier using special coding systems e.g. US CBP FIRMS code;;;;
;;;;;;;;;;;;;;;;;;;;
;;LOCATION;;0;;;LOCATION;;;;;O;;n;;Location details;;;;
;;LOCATION;;1;LOCATION;;Type;;;;;T;;;;Location type - e.g. Airport, Freight terminal, Rail station, Seaport, etc;;;;
;;LOCATION;;1;LOCATION;;Code;;;;;T;;;;Location code of airport, freight terminal, seaport, rail station. UN/LOCODE city code (5 letter) or IATA airport code (3 letter);Contains the code of the location. IATA Location Identifier or UNECE Recommendation N°. 16 - LOCODE - Code for Trade and Transport Locations can be used. Please note that IATA Location Identifier takes precedence where IATA 3-letter codes differ from the 3-letter part of the existing codes for the same places in UN/LOCODE ;;;
;;LOCATION;;1;LOCATION;;Name;;;;;T;;;;Full name of the location;Contains the name of the location. Must be the corresponding name for the Location Code ;;;
;;LOCATION;;1;LOCATION;;GeoLocation;GEOLOCATION;;;;E;;;;Geolocation details;;;;
;;LOCATION;;1;LOCATION;;Address;ADDRESS;;;;E;;;;Address details;;;;
;;;;;;;;;;;;;;;;;;;;
;;COUNTRY;;0;;;COUNTRY;;;;;O;;n;;Country details;;;;
;;COUNTRY;;1;COUNTRY;;CountryCode;;;;;T;;;;Country ISO code. Refer ISO 3166-2;Contains the ISO Country Codes ISO 3166-1/1998. UNECE Recommendation N. 3 - Code for the Representation of Names of Countries can be used ;A;;
;;COUNTRY;;1;COUNTRY;;CountryName;;;;;T;;;;Full country name;;;;
;;;;;;;;;;;;;;;;;;;;
;;PERSON;;0;;;PERSON;;;;;O;;n;;Person details;;;;
;;PERSON;;1;PERSON;;ContactType;;;;;T;;;;Contact type - e.g. Emergency contact, Customs contact, Customer contact;;;;
;;PERSON;;1;PERSON;;Salutation;;;;;T;;;;Salutation ;;;;
;;PERSON;;1;PERSON;;FirstName;;;;;T;;;;First name / given name;;;;
;;PERSON;;1;PERSON;;MiddleName;;;;;T;;;;Middle name/ other name;;;;
;;PERSON;;1;PERSON;;LastName;;;;;T;;;;Last name / family name / surname;;;;
;;PERSON;;1;PERSON;;JobTitle;;;;;T;;;;Job title / position;;;;
;;PERSON;;1;PERSON;;Department;;;;;T;;;;Department / Division / Unit;;;;
;;PERSON;;1;PERSON;;EmployeeID;;;;;T;;;;Employee ID;;;;
;;PERSON;;1;PERSON;;Contact;;;;;O;;n;;Contact details;;;;
;;PERSON;;2;Contact;;PhoneNumber;;;;;T;;;;Phone number;;AN - Length Recommendation: 35 ;;
;;PERSON;;2;Contact;;EmailAddress;;;;;T;;;;E-mail address;;T - Length Recommendation: 70 ;;
;;;;;;;;;;;;;;;;;;;;
;;CONTACT;;0;;;CONTACT;;;;;O;;;;Other contact options e.g. Skype, Whatsapp, Viber, Fax etc;;;;
;;CONTACT;;1;CONTACT;;Type;;;;;T;;;;Contact type - e.g. Skype ;;;;
;;CONTACT;;1;CONTACT;;Detail;;;;;T;;;;Contact details e.g. Skype ID ;;;;
;;;;;;;;;;;;;;;;;;;;
;;COMPANY;;0;;;COMPANY;;;;;O;;n;;Company details;;;;
;;COMPANY;;1;COMPANY;;Name;;;;;T;;;;Name of company or organization;;;;
;;COMPANY;;1;COMPANY;;IATACargoAgentCode;;;;;N;;;;IATA accredited cargo agent 7 digit number;;;;
;;COMPANY;;1;COMPANY;;AirlineCode;;;;;T;;;;IATA two-character airline code ;;;;
;;COMPANY;;1;COMPANY;;AirlinePrefix;;;;;T;;;;IATA three-numeric airline prefix number ;;;;
;;COMPANY;;1;COMPANY;;Branch;BRANCH;;;;E;;n;;Company branches;;;;
;;;;;;;;;;;;;;;;;;;;
;;BRANCH;;0;;;BRANCH;;;;;O;;n;;Company branches;;;;
;;BRANCH;;1;Branch;;BranchName;;;;;T;;;;Company branch name;;;;
;;BRANCH;;1;Branch;;IATACargoAgentLocationIdentifier;;;;;N;;;;IATA CASS cargo agent 4 digit branch number / location identifier;;;;
;;BRANCH;;1;Branch;;OtherIdentifier;OTHER_IDENTIFIER;;;;E;;n;;Other identifiers (e.g. LEI (Legal Entity Identifier), TIN (Trader Identification Number), PIMA address, Account number, VAT/Tax id, Legal Registration id, DUNS number, etc);;;;
;;BRANCH;;1;Branch;;Location;LOCATION;;;;E;;;;Location and address details;;;;
;;BRANCH;;1;Branch;;ContactPerson;PERSON;;;;E;;n;;Contact person details;;;;
;;;;;;;;;;;;;;;;;;;;
;;OTHER_PARTY;;0;;;OTHER_PARTY;;;;;O;;n;;Other Party details;;;;
;;OTHER_PARTY;;1;OTHER_PARTY;;RoleName;;;;;T;;;;Role of other party - e.g. Notify party, Nominated agent, Customs broker, Manufacturer, Importer, Payer, Payee, ShipTo, ShipFrom, BillTo, BillFrom, RemitTo, RemitFrom ;;;;
;;OTHER_PARTY;;1;OTHER_PARTY;;CompanyDetails;COMPANY;;;;E;;;;Company details;;;;
;;;;;;;;;;;;;;;;;;;;
;;OTHER_IDENTIFIER;;0;;;OTHER_IDENTIFIER;;;;;O;;n;;Other identifier details;;;;
;;OTHER_IDENTIFIER;;1;OTHER_IDENTIFIER;;Type;;;;;T;;;;Identifier type or description;;;;
;;OTHER_IDENTIFIER;;1;OTHER_IDENTIFIER;;Identifier;;;;;T;;;;Item identifier;;;;
;;;;;;;;;;;;;;;;;;;;
;;INSURANCE;;0;;;INSURANCE;;;;;O;;n;;Insurance details;;;;
;;INSURANCE;;1;INSURANCE;;CoveringParty;COMPANY;;;;E;;;;Party covering the insurance ;;;;
;;INSURANCE;;1;INSURANCE;;InsuranceAmount;VALUE;;;;E;;;;Insured amount - amount covered by the insurance policy;;;;
;;;;;;;;;;;;;;;;;;;;
;;EXTERNAL_REFERENCE;;0;;;EXTERNAL_REFERENCE;;;;;O;;n;;Reference documents details;;;;
;;EXTERNAL_REFERENCE;;1;EXTERNAL_REFERENCE; ;DocumentType;;;;;T;;;;Type of the referenced document . Refer UNEDIFACT 1001  e.g. 740 - Air Waybill;;;;
;;EXTERNAL_REFERENCE;;1;EXTERNAL_REFERENCE; ;DocumentName;;;;;T;;;;If no DocumentType provided, name of the referenced document ;;;;
;;EXTERNAL_REFERENCE;;1;EXTERNAL_REFERENCE;;DocumentOriginator;COMPANY;;;;E;;;;Document originator details and contacts;;;;
;;EXTERNAL_REFERENCE;;1;EXTERNAL_REFERENCE; ;DocumentID;;;;;T;;;;Unique document identifier;;;;
;;EXTERNAL_REFERENCE;;1;EXTERNAL_REFERENCE; ;DocumentVersion;;;;;T;;;;Document version number;;;;
;;EXTERNAL_REFERENCE;;1;EXTERNAL_REFERENCE;  ;URI;;;;;U;;;;URI of document or logistics object;;;;
;;;;;;;;;;;;;;;;;;;;
;;SPECIALHANDLING;;0;;;SpecialHandling;;;;;O;;n;;Special handling details;;;;
;;SPECIALHANDLING;;1;SpecialHandling;;Code;;;;;T;;;;Special handling code following IATA standards. Refer CXML1.16,  e.g. PEP - Fruits and Vegetables;;;;
;;SPECIALHANDLING;;1;SpecialHandling;;Description;;;;;T;;;;If no Code provided, special handling description. Refer CXML1.16,  e.g. Cargo Aircraft Only;;;;
;;;;;;;;;;;;;;;;;;;;
;;SERVICEREQUEST;;0;;;ServiceRequest;;;;;O;;n;;Service request details;;;;
;;SERVICEREQUEST;;1;ServiceRequest;;Code;;;;;T;;;;Service request code;;;;
;;SERVICEREQUEST;;1;ServiceRequest;;Description;;;;;T;;;;Service request description;;;;
;;SERVICEREQUEST;;1;ServiceRequest;;StatementType;;;;;T;;n;;Service request statement type - e.g. Dangerous Goods, Lithium Ion Battery, Live Animal Certificate;;;;
;;SERVICEREQUEST;;1;ServiceRequest;;StatementText;;;;;T;;;;Service request statement text;;;;
;;;;;;;;;;;;;;;;;;;;
;;CUSTOMS_INFO;;0;;;CUSTOMS_INFO;;;;;O;;;;Customs information details;;;;
;;CUSTOMS_INFO;;1;CUSTOMS_INFO;;CustomsStatusCode;;;;;T;;;;Customs transit status / code/ information / reference. Refer EUCTSC, e.g. T1 - Europe Union Customs 1;;;;
;;CUSTOMS_INFO;;1;CUSTOMS_INFO;;OtherCustomsInformation;;;;;O;;n;;Other customs information details;;;;
;;CUSTOMS_INFO;;2;OtherCustomsInformation;;Country;COUNTRY;;;;E;;;;Country details;;;;
;;CUSTOMS_INFO;;2;OtherCustomsInformation;;CustomsSubjectCode;;;;;T;;;;"Customs subject code. Refer CXML Code List 1.19, e.g. IMP for import, EXP for export, AGT for Agent, ISS for The Regulated Agent Issuing the Security Status for a Consignment etc. 
 At least one of the three elements (Country Code, Information Identifier or Customs, Security and Regulatory Control Information Identifier) must be completed";;;;
;;CUSTOMS_INFO;;2;OtherCustomsInformation;;CustomsContentCode;;;;;T;;;;Customs content code. Refer CXML Code List 1.100, e.g. IST - Security Textual StatementNumber, M - Movement Reference Number;;;;
;;CUSTOMS_INFO;;2;OtherCustomsInformation;;CustomsInformation;;;;;T;;;;Information for customs submission;;;;
;;CUSTOMS_INFO;;2;OtherCustomsInformation;;CustomsNote;;;;;T;;;;Free text f or customs remarks;;;;
;;;;;;;;;;;;;;;;;;;;
;;SECURITY_STATUS;;0;;;SECURITY_STATUS;;;;;O;;;;Security status details;;;;
;;SECURITY_STATUS;;1;SECURITY_STATUS;;StatusCode;;;;;T;M;;;Security status indicator - e.g. SPX- Cargo Secure for Passenger and All-Cargo Aircraft ;;;;
;;SECURITY_STATUS;;1;SECURITY_STATUS;;IssuedOn;;;;;D;M;;;Date and time when the security status was issued;;;;
;;SECURITY_STATUS;;1;SECURITY_STATUS;;IssuedBy;COMPANY;;;;E;M;;;Name of person (or employee ID) and Regulated entity identifier (e.g. Regulated Agent Identifier) is mandatory;;;;
;;SECURITY_STATUS;;1;SECURITY_STATUS;;RegulatedPartyType;;;;;T;M;;;Party type - e.g. RA - Regulated Agent, KC - Known Consignor, AO - Aircraft Operator, RC - Regulated Carrier;;;;
;;SECURITY_STATUS;;1;SECURITY_STATUS;;RegulatingAuthority;;;;;T;;;;Country ISO code. Refer ISO 3166-2;;;;
;;SECURITY_STATUS;;1;ReasonsForSecurityStatus;;ReasonsForSecurityStatus;;;;;E;M;;;Security status details;;;;
;;SECURITY_STATUS;;1;Piece;;PIECE;;;;;E;;;;Piece linked to the Security Status;;;;
;;SECURITY_STATUS;;1;ReceivedBy;;COMPANY;;;;;E;;;;Company receiving the Security Status;;;;
;;;;;;;;;;;;;;;;;;;;
;;REASONSFORSECURITYSTATUS;;0;ReasonsForSecurityStatus;;REASONSFORSECURITYSTATUS;;;;;O;;n;;Known Consignor or Regulated Agent reference;;;;
;;REASONSFORSECURITYSTATUS;;1;ReasonsForSecurityStatus;;ReceivedFrom;;;;;E;;n;;Known Consignor or Regulated Agent reference;;;;
;;REASONSFORSECURITYSTATUS;;1;ReasonsForSecurityStatus;;ScreeningMethod;;;;;T;;n;;Screening methods which have been used to secure the cargo - e.g. EDS- Explosive Detection System ;;;;
;;REASONSFORSECURITYSTATUS;;1;ReasonsForSecurityStatus;;GroundsForExemption;;;;;T;;n;;Exemption code - e.g. BIOM- Bio-Medical Samples ;;;;
;;REASONSFORSECURITYSTATUS;;1;ReasonsForSecurityStatus;;OtherScreeningMethods;;;;;T;;n;;Other methods used to secure the cargo;;;;
;;;;;;;;;;;;;;;;;;;;
;;RECEIVEDFROM;;0;;;RECEIVEDFROM;;;;;O;;;;;;;;
;;RECEIVEDFROM;;1;ReceivedFrom;;RegulatedPartyType;;;;;T;;;;Party type - e.g. RA - Regulated Agent, KC - Known Consignor, AO - Aircraft Operator, RC - Regulated Carrier;;;;
;;RECEIVEDFROM;;1;ReceivedFrom;;RegulatedEntityIdentifier;COMPANY;;;;E;;;;Regulated entity identifier (e.g. Regulated Agent Identifier) is mandatory;;;;
;;SECURITY_INFO;;1;ReceivedFrom;;ExpiryDate;;;;;D;;;;Expiry date 4 digits month/year;;;;
;;;;;;;;;;;;;;;;;;;;
;;TRANSPORT_SEGMENT;;0;;;TRANSPORT_SEGMENT;;;;;O;;n;;Transport segment details;;;;
;;TRANSPORT_SEGMENT;;1;TRANSPORT_SEGMENT;;DepartureLocation;LOCATION;;;;E;;;;Departure details including time and date;Origin Location;;;
;;TRANSPORT_SEGMENT;;1;TRANSPORT_SEGMENT;;ArrivalLocation;LOCATION;;;;E;;;;Arrival details including time and date;Destination Location;;;
;;TRANSPORT_SEGMENT;;1;TRANSPORT_SEGMENT;;CarriageStage;;;;;T;;;;Carriage stage - e.g. Pre-Carriage, Main-Carriage, On-Carriage ;Mode of Transport Qualifier:  Indicates the code of the Mode of Transport Used if it relates to Pre-Carriage, Main-Carriage or On-Carriage. Always defaults to Main-Carriage. ;AN - Length Recommendation: 35 ;Rename to TransportQualifier?;
;;TRANSPORT_SEGMENT;;1;TRANSPORT_SEGMENT;;ModeCode;;;;;T;;;;Mode of transport code. Refer UNECE Recommendation N. 19 - Code for Modes of Transport,  e.g. 4 - Air transport;Code of the Mode of Transport - UNECE Rec19;AN - Length Recommendation: 15;;
;;TRANSPORT_SEGMENT;;1;TRANSPORT_SEGMENT;;TransportMeans;TRANSPORT_MEANS;;;;E;;;;Transport company details;;;;
;;TRANSPORT_SEGMENT;;1;TRANSPORT_SEGMENT;;TransportIdentifier;;;;;T;;;;Airline flight number, or rail /  truck / maritime line id;Reference to the unique conveyance ID of the means of transport e.g. flight number, voyage number.For Air mode, It consists of carrier code followed by flight number ;AN - Length Recommandation: 35;;
;;TRANSPORT_SEGMENT;;1;TRANSPORT_SEGMENT;;TransportDate;;;;;D;;;;Date associated with TransportIdentifier to uniquely identify the transport line ;;;;
;;TRANSPORT_SEGMENT;;1;TRANSPORT_SEGMENT;;Seal;;;;;T;;;;Seal identifier;Seal Number in CXML? More fields are described in CXML;AN;;
;;TRANSPORT_SEGMENT;;1;TRANSPORT_SEGMENT;;DeckPosition;;;;;T;;;;Position of the shipment in the aircraft - e.g. lower or main deck ;;;;
;;TRANSPORT_SEGMENT;;1;TRANSPORT_SEGMENT;;DistanceMeasured;VALUE;;;;E;;;;Distance based on really measured distance (with IOT-devices), or is it a calculated value?;;;;
;;TRANSPORT_SEGMENT;;1;TRANSPORT_SEGMENT;;DistanceCalculated;VALUE;;;;E;;;;Distance calculated if distance measured is not available;;;;
;;TRANSPORT_SEGMENT;;1;TRANSPORT_SEGMENT;;TransportMeansOperator;PERSON;;;;E;;n;;;;;;
;;TRANSPORT_SEGMENT;;1;TRANSPORT_SEGMENT;;Fuel_type;;;;;T;;;;e.g. Kerosene, Diesel, SAF, Electricity [renewable], Electricity [non-renewable];;;;
;;TRANSPORT_SEGMENT;;1;TRANSPORT_SEGMENT;;Fuel_amount_measured;VALUE;;;;E;;;;actually measured fuel consumption;;;;
;;TRANSPORT_SEGMENT;;1;TRANSPORT_SEGMENT;;Fuel_amount_calculated;VALUE;;;;E;;;;calculated fuel consumption, if measured not available;;;;
;;TRANSPORT_SEGMENT;;1;TRANSPORT_SEGMENT;;CO2Emissions;VALUE;;;;E;;;;;;;;
;;TRANSPORT_SEGMENT;;1;TRANSPORT_SEGMENT;;CO2CalculationMethod;CO2_CALC_METHOD;;;;E;;;;;;;;
;;TRANSPORT_SEGMENT;;1;TRANSPORT_SEGMENT;;ULD;ULD;;;;E;;n;;;;;;
;;TRANSPORT_SEGMENT;;1;TRANSPORT_SEGMENT;;PIECE;PIECE;;;;E;;n;;;;;;
;;TRANSPORT_SEGMENT;;1;TRANSPORT_SEGMENT;;Event;EVENT;;;;E;;n;;;;;;
;;TRANSPORT_SEGMENT;;1;TRANSPORT_SEGMENT;;ExternalReference;EXTERNAL_REFERENCE;;;;E;;;;Reference to document or logistics object (URI);;;;
;;;;;;;;;;;;;;;;;;;;
;;TRANSPORT_MEANS;;0;;;TRANSPORT_SEGMENT;;;;;O;;n;;Transport segment details;;;;
;;TRANSPORT_MEANS;;1;TRANSPORT_MEANS;;VehicleRegistration;;;;;T;;;;Vehicle identification - e.g. aircraft registration number;;AN - Length Recommandation: 35;;
;;TRANSPORT_MEANS;;1;TRANSPORT_MEANS;;VehicleType;;;;;T;;;;Vehicle or container type. Refer UNECE28, e.g. 4.00.0 - Aircraft, type unknown;;;;
;;TRANSPORT_MEANS;;1;TRANSPORT_MEANS;;VehicleSize;;;;;T;;;;Size of the vehicle - free text;;;Rename to TransportQualifier?;
;;TRANSPORT_MEANS;;1;TRANSPORT_MEANS;;TransportCompany;COMPANY;;;;E;;;;Company operating the transport means;;;;
;;TRANSPORT_MEANS;;1;TRANSPORT_MEANS;;TypicalFuelConsumption;VALUE;;;;E;;;;Typical fuel comsumption (e.g. 20 000L / 1 000nm);;;;
;;TRANSPORT_MEANS;;1;TRANSPORT_MEANS;;TypicalCO2Coefficient;VALUE;;;;E;;;;Required for some CO2 calculations;;;;
;;TRANSPORT_MEANS;;1;TRANSPORT_MEANS;;TransportSegment;TRANSPORT_SEGMENT;;;;E;;;;Associated transport segment;;;;
;;;;;;;;;;;;;;;;;;;;
;;CO2_CALC_METHOD;;0;CO2_CALC_METHOD;;CO2_CALC_METHOD;;;;;O;;n;;CO2 Calculation methods;;;;
;;CO2_CALC_METHOD;;1;CO2_CALC_METHOD;;MethodName;;;;;T;;;;Name of the CO2 calculation method;;;;
;;CO2_CALC_METHOD;;1;CO2_CALC_METHOD;;MethodVersion;;;;;T;;;;Version used for the calculation;;;;
;;;;;;;;;;;;;;;;;;;;
;;EVENT;;0;;;EVENT;;;;;O;;n;;Event details;;;;
;;EVENT;;1;EVENT;;EventTypeIndicator;;;;;T;M;;;Indicates type of event e.g.  Scheduled, Estimated, Actual;;;;
;;EVENT;;1;EVENT;;DateTime;;;;;D;M;;;Date and time of the event;;;;
;;EVENT;;1;EVENT;;EventCode;;;;;T;;;;Movement or milestone code. Refer CXML Code List 1.18, e.g. DEP, ARR, FOH, RCS;;;;
;;EVENT;;1;EVENT;;EventName;;;;;T;;;;If no EventCode provided, event name - e.g. Security clearance;;;;
;;EVENT;;1;EVENT;;PerformedBy;COMPANY;;;;E;;;;Party performing the event;;;;
;;EVENT;;1;EVENT;;Location;LOCATION;;;;E;;;;Location of event;;;;
;;;;;;;;;;;;;;;;;;;;
;;WAYBILL;;0;;;WAYBILL;;;;;O;;n;;Waybill details;;;;
;;WAYBILL;;1;WAYBILL;;WaybillNumber;;;;;T;M;;;House or Master Waybill unique identifier;;;;
;;WAYBILL;;1;WAYBILL;;ContainedWaybill;WAYBILL;;;;E;;n;;Waybill(s) contained, refers to URIs;;;;
;;WAYBILL;;1;WAYBILL;;Type;;;;;T;;;;Type of the Waybill: House or Master;;;;
;;;;;;;;;;;;;;;;;;;;
;;BOOKING;;0;;;BOOKING;;;;;O;;n;;Booking;;;;
;;BOOKING;;1;BOOKING;;WaybillNumber;;;;;T;M;;;House or Master Waybill unique identifier;;;;
;;BOOKING;;1;BOOKING;;Shipper;COMPANY;;;;E;M;;;Shipper details;;;;
;;BOOKING;;1;BOOKING;;Consignee;COMPANY;;;;E;M;;;Consignee details;;;;
;;BOOKING;;1;BOOKING;;Carrier;COMPANY;;;;E;M;;;Carrier details;;;;
;;BOOKING;;1;BOOKING;;FreightForwarder;COMPANY;;;;E;;;;Freight Forwarder details;;;;
;;BOOKING;;1;BOOKING;;NotifyParty;COMPANY;;;;E;;n;;Other parties to be notified of the booking evolution;;;;
;;BOOKING;;1;BOOKING;;DepartureLocation;LOCATION;;;;E;;;;Departure details including time and date;;;;
;;BOOKING;;1;BOOKING;;ArrivalLocation;LOCATION;;;;E;;;;Arrival details including time and date;;;;
;;BOOKING;;1;BOOKING;;RequestedRouting;;;;;;;;;;;;;
;;BOOKING;;1;BOOKING;;TotalChargeableWeight;VOLUMETRIC_WEIGHT;O;;;E;;;;Weight taken into account to calculate the charge;;;;
;;BOOKING;;1;BOOKING;;TotalGrossWeight;VALUE;O;;;E;;;;Total gross weight of the booking;;;;
;;BOOKING;;1;BOOKING;;PaymentMethodCode;;;;;T;;;;Charge payment method code. Refer CXML Code List 1.1, e.g.  PP - All Charges Prepaid Cash;;;;
;;BOOKING;;1;BOOKING;;ChargeDeclaration;;;;;;;;;;;;;
;;BOOKING;;2;ChargeDeclaration;;WeightValuationChargePaymen;;;;;T;;;;Weight charges payment indicator e.g. Prepaid, Collect;;;;
;;BOOKING;;2;ChargeDeclaration;;OtherChargesPayment;;;;;T;;;;Other Charges payment indicator e.g. Prepaid, Collect;;;;
;;BOOKING;;2;ChargeDeclaration; ;InsuranceAmount;VALUE;;;;E;;;;Insurance value declaration;;;;
;;BOOKING;;2;ChargeDeclaration; ;CarriageAmount;VALUE;;;;E;;;;Carriage value declaration;;;;
;;BOOKING;;2;ChargeDeclaration; ;CustomsAmount;VALUE;;;;E;;;;Customs value declaration;;;;
;;BOOKING;;1;BOOKING;;OtherCharge;VALUE;;;;E;;;;;;;;
;;BOOKING;;2;OtherCharge;;ChargeDescription;;;;;O;;;;Other charge description details;;;;
;;BOOKING;;3;ChargeDescription;;Code;;;;;T;;;;Other charge code. Refer CXML Code List 1.2, e.g. FC - Charges Collect Fee;;;;
;;BOOKING;;3;ChargeDescription;;SubCode;;;;;T;;;;Other charge subcode;;;;
;;BOOKING;;3;ChargeDescription;;Description;;;;;T;;;;Charge description;;;;
;;BOOKING;;3;ChargeDescription;;LocationIndicator;;;;;T;;;;Other Charge Location indicator - e.g. Origin (O) or Transit (T) or Destination(D);;;;
;;BOOKING;;2;OtherCharge;;SpecialService;;;;;O;;;;Special service details;;;;
;;BOOKING;;3;SpecialService;;Description;;;;;T;;;;Special service description;;;;
;;BOOKING;;3;SpecialService;;DateTime;;;;;D;;;;Special service scheduled date and time;;;;
;;BOOKING;;2;OtherCharge;;ChargePayment;;;;;O;;;;Charge payment details;;;;
;;BOOKING;;3;ChargePayment;;ByTime;;;;;N;;;;Amount of time for which the charge is applied;;;;
;;BOOKING;;3;ChargePayment;;ByItemQuantity;;;;;N;;;;Number of items for which the charge is applied;;;;
;;BOOKING;;3;ChargePayment;;Amount;VALUE;;;;E;;;;Payment amount;;;;
;;BOOKING;;3;ChargePayment;;DueParty;;;;;T;;;;Due party - e.g. Carrier, Agent;;;;
;;BOOKING;;3;ChargePayment;;PrepaidCollectIndicator;;;;;T;;;;Other Charges payment indicator - e.g. at origin (prepaid) or at destination (collect);;;;
;;BOOKING;;2;ChargeSummary;;Prepaid;;;;;O;C;;;Prepaid totals in base / origin currency;;;;
;;BOOKING;;3;Prepaid;;TotalWeightCharges;VALUE;;;;E;;;;Total weight charge amount (prepaid);;;;
;;BOOKING;;3;Prepaid;;TotalValuationCharges;VALUE;;;;E;;;;Total valuation charge amount (prepaid);;;;
;;BOOKING;;3;Prepaid;;TotalTaxes;VALUE;;;;E;;;;Total Tax amount (prepaid);;;;
;;BOOKING;;3;Prepaid;;TotalOtherChargesDueAgent;VALUE;;;;E;;;;Total other charges due agent amount (prepaid);;;;
;;BOOKING;;3;Prepaid;;TotalOtherChargesDueCarrier;VALUE;;;;E;;;;Total other charges due carrier amount (prepaid);;;;
;;BOOKING;;3;Prepaid;;TotalPrepaidCharges;VALUE;;;;E;M;;;Total prepaid charges amount;;;;
;;BOOKING;;2;ChargeSummary;;Collect;;;;;O;C;;;Collect totals in base / origin currency;;;;
;;BOOKING;;3;Collect;;TotalWeightCharges;VALUE;;;;E;;;;Total weight charge amount (collect);;;;
;;BOOKING;;3;Collect;;TotalValuationCharges;VALUE;;;;E;;;;Total valuation charge amount (collect);;;;
;;BOOKING;;3;Collect;;TotalTaxes;VALUE;;;;E;;;;Total Tax amount (collect);;;;
;;BOOKING;;3;Collect;;TotalOtherChargesDueAgent;VALUE;;;;E;;;;Total other charges due agent amount (collect);;;;
;;BOOKING;;3;Collect;;TotalOtherChargesDueCarrier;VALUE;;;;E;;;;Total other charges due carrier amount (collect);;;;
;;BOOKING;;3;Collect;;TotalCollectCharges;VALUE;;;;E;M;;;Total collect charges amount;;;;
;;BOOKING;;3;Collect;;InDestinationCurrency;;;;;O;;;;Collect totals in target / destination currency;;;;
;;BOOKING;;4;InDestinationCurrency;;TotalCharges;VALUE;;;;E;;;;Total Charges converted to destination currency as per CURRENCY conversion rate;;;;
;;BOOKING;;4;InDestinationCurrency;;CollectionCharge;VALUE;;;;E;;;;Collection charges in destination currency - e.g. additional amount charged for the service;;;;
;;BOOKING;;4;InDestinationCurrency;;GrandTotalCollectCharges;VALUE;;;;E;;;;Sum of TotalCharges and CollectionCharge;;;;
;;BOOKING;;1;BOOKING;;BookingResponse;BOOKINGRESPONSE;;;;E;;;;;;;;
;;BOOKING;;1;BOOKING;;Event;EVENT;;;;E;;n;;Events and statuses linked to the booking;;;;
;;BOOKING;;1;BOOKING;;ShipperSignature;;;;;O;;;;Shipper signature details;;;;
;;BOOKING;;2;ShipperSignature;;SignatoryCompany;COMPANY;;Shipper or its agent;;T;;;;Signature of the Shipper or his Agent;;;;
;;BOOKING;;1;BOOKING;;CarrierSignature;;;;;O;;;;Carrier signature details;;;;
;;BOOKING;;2;CarrierSignature;;SignatoryCompany;COMPANY;;Carrier;;T;;;;Signature of Issuing Carrier of its agent;;;;
;;BOOKING;;2;CarrierSignature;;Date;;;;;D;;;;Executed on (data);;;;
;;BOOKING;;2;CarrierSignature;;Location;LOCATION;;Carrier;;E;;;;at (place);;;;
;;;;;;;;;;;;;;;;;;;;
;;;;;;;;;;;;;;;;;;;;
;;;;;;;;;;;;;;;;;;;;
;;;;;;;;;;;;;;;;;;;;
;;;;;;;;;;;;;;;;;;;;
;;;;;;;;;;;;;;;;;;;;
;;;;;;;;;;;;;;;;;;;;
;;;;;;;;;;;;;;;;;;;;
;;;;;;;;;;;;;;;;;;;;
;;;;;;;;;;;;;;;;;;;;
;;;;;;;;;;;;;;;;;;;;
;;;;;;;;;;;;;;;;;;;;
;;;;;;;;;;;;;;;;;;;;
